Date,最新價,"移動平均(簡單,200,0)"
2010-01-31,1073.8699951171875,1013.0755996704102
2010-02-28,1104.489990234375,1033.0433489990235
2010-03-31,1169.4300537109375,1059.912297668457
2010-04-30,1186.68994140625,1090.5429473876952
2010-05-31,1089.4100341796875,1104.8818981933593
2010-06-30,1030.7099609375,1112.1225970458984
2010-07-31,1101.5999755859375,1114.3900985717773
2010-08-31,1049.3299560546875,1115.8061972045898
2010-09-30,1141.199951171875,1117.840647277832
2010-10-31,1183.260009765625,1122.5521475219728
2010-11-30,1180.550048828125,1133.7318466186523
2010-12-31,1257.6400146484375,1146.2396975708007
2011-01-31,1286.1199951171875,1156.2899978637695
2011-02-28,1327.219970703125,1169.583396911621
2011-03-31,1325.8299560546875,1194.2057467651366
2011-04-30,1363.6099853515625,1219.9397479248046
2011-05-31,1345.199951171875,1244.733196411133
2011-06-30,1320.6400146484375,1267.1077972412108
2011-07-31,1292.280029296875,1284.8427478027343
2011-08-31,1218.8900146484375,1283.8951483154297
2011-09-30,1131.4200439453125,1280.1218505859374
2011-10-31,1253.300048828125,1274.0466003417969
2011-11-30,1246.9599609375,1265.8869512939452
2011-12-31,1257.5999755859375,1258.8213012695312
2012-01-31,1312.4100341796875,1257.1853021240233
2012-02-29,1365.6800537109375,1258.23490234375
2012-03-31,1408.469970703125,1267.0736529541016
2012-04-30,1397.9100341796875,1275.064351196289
2012-05-31,1310.3299560546875,1284.1060998535156
2012-06-30,1362.1600341796875,1299.578150024414
2012-07-31,1379.3199462890625,1319.6834503173827
2012-08-31,1406.5799560546875,1338.0179998779297
2012-09-30,1440.6700439453125,1359.0327001953126
2012-10-31,1412.1600341796875,1377.7249493408203
2012-11-30,1416.1800537109375,1384.7426989746093
2012-12-31,1426.18994140625,1390.3754486083985
2013-01-31,1498.1099853515625,1399.027299194336
2013-02-28,1514.6800537109375,1411.464600830078
2013-03-31,1569.18994140625,1435.0933489990234
2013-04-30,1597.5699462890625,1460.4063983154297
2013-05-31,1630.739990234375,1489.8095471191407
2013-06-30,1606.280029296875,1510.441649169922
2013-07-31,1685.72998046875,1534.441196899414
2013-08-31,1632.969970703125,1562.1786981201171
2013-09-30,1681.550048828125,1590.778348388672
2013-10-31,1756.5400390625,1622.375499267578
2013-11-30,1805.81005859375,1650.2399993896483
2013-12-31,1848.3599853515625,1679.2789001464844
2014-01-31,1782.5899658203125,1706.4404510498048
2014-02-28,1859.449951171875,1727.104501953125
2014-03-31,1872.3399658203125,1750.1461511230468
2014-04-30,1883.949951171875,1775.0416015625
2014-05-31,1923.5699462890625,1795.7876513671874
2014-06-30,1960.22998046875,1826.2872509765625
2014-07-31,1930.6700439453125,1857.008148803711
2014-08-31,2003.3699951171875,1878.8235980224608
2014-09-30,1972.2900390625,1899.6216473388672
2014-10-31,2018.050048828125,1912.3385485839844
2014-11-30,2067.56005859375,1935.7778491210938
2014-12-31,2058.89990234375,1957.6677984619141
2015-01-31,1994.989990234375,1974.6069494628907
2015-02-28,2104.5,1994.058899536133
2015-03-31,2067.889892578125,2012.2543481445311
2015-04-30,2085.510009765625,2026.015797729492
2015-05-31,2107.389892578125,2041.7380505371093
2015-06-30,2063.110107421875,2053.8954028320313
2015-07-31,2103.840087890625,2068.268451538086
2015-08-31,1972.1800537109375,2075.082952270508
2015-09-30,1920.030029296875,2063.5471520996093
2015-10-31,2079.360107421875,2061.587601928711
2015-11-30,2080.409912109375,2065.180200805664
2015-12-31,2043.93994140625,2061.1481536865235
2016-01-31,1940.239990234375,2045.5185540771483
2016-02-29,1932.22998046875,2025.770903930664
2016-03-31,2059.739990234375,2016.108101196289
2016-04-30,2065.300048828125,2014.5242987060547
2016-05-31,2096.949951171875,2010.9754998779297
2016-06-30,2098.860107421875,2022.6128497314453
2016-07-31,2173.60009765625,2041.3583978271483
2016-08-31,2170.949951171875,2054.3787475585937
2016-09-30,2168.27001953125,2063.7641986083986
2016-10-31,2126.14990234375,2078.8432952880858
2016-11-30,2198.81005859375,2107.9766943359373
2016-12-31,2238.830078125,2136.3338946533204
2017-01-31,2278.8701171875,2158.199143066406
2017-02-28,2363.639892578125,2182.1821948242186
2017-03-31,2362.719970703125,2214.951593017578
2017-04-30,2384.199951171875,2240.463193359375
2017-05-31,2411.800048828125,2265.1311389160155
2017-06-30,2423.409912109375,2293.9706896972657
2017-07-31,2470.300048828125,2323.917990722656
2017-08-31,2471.64990234375,2360.9240954589845
2017-09-30,2519.360107421875,2389.0759509277345
2017-10-31,2575.260009765625,2421.3249523925783
2017-11-30,2647.580078125,2452.7593029785157
2017-12-31,2673.610107421875,2482.1842065429687
2018-01-31,2823.81005859375,2527.8885583496094
2018-02-28,2713.830078125,2558.6494104003905
2018-03-31,2640.8701171875,2589.126160888672
2018-04-30,2648.050048828125,2612.3308093261717
2018-05-31,2705.27001953125,2637.896806640625
2018-06-30,2718.3701171875,2668.9817053222655
2018-07-31,2816.2900390625,2697.5554052734374
2018-08-31,2901.52001953125,2730.187803955078
2018-09-30,2913.97998046875,2757.0055017089844
2018-10-31,2711.739990234375,2765.3851989746095
2018-11-30,2760.169921875,2761.8793505859376
2018-12-31,2506.85009765625,2746.0023498535156
2019-01-31,2704.10009765625,2741.470949707031
2019-02-28,2784.489990234375,2749.262053222656
2019-03-31,2834.39990234375,2756.2953491210938
2019-04-30,2945.830078125,2772.158345947266
2019-05-31,2752.06005859375,2775.4954943847656
2019-06-30,2941.760009765625,2777.1437438964845
2019-07-31,2980.3798828125,2788.3763928222656
2019-08-31,2926.4599609375,2805.539443359375
2019-09-30,2976.739990234375,2834.5162939453126
2019-10-31,3037.56005859375,2885.7757421875
2019-11-30,3140.97998046875,2927.1547399902342
2019-12-31,3230.780029296875,2967.8447912597658
2020-01-31,3225.52001953125,3011.881442871094
2020-02-29,2954.219970703125,3047.173692626953
2020-03-31,2584.590087890625,3026.71744140625
2020-04-30,2912.429931640625,3005.7950915527344
2020-05-31,3044.31005859375,3001.895339355469
2020-06-30,3100.2900390625,3021.6254443359376
2020-07-31,3271.1201171875,3048.5603942871094
2020-08-31,3500.31005859375,3085.078546142578
2020-09-30,3363.0,3110.0527490234376
2020-10-31,3269.9599609375,3129.4710986328123
2020-11-30,3621.6298828125,3152.9018481445314
2020-12-31,3756.070068359375,3234.5551013183594
2021-01-31,3714.239990234375,3349.974354248047
2021-02-28,3811.14990234375,3447.5849060058595
2021-03-31,3972.889892578125,3548.8135083007815
2021-04-30,4181.169921875,3655.36515625
2021-05-31,4204.10986328125,3744.0790100097656
2021-06-30,4297.5,3833.7824584960936
2021-07-31,4395.259765625,3938.0713525390624
2021-08-31,4522.68017578125,4049.650206298828
2021-09-30,4307.5400390625,4134.558254394531
2021-10-31,4605.3798828125,4210.113796386719
2021-11-30,4567.0,4296.287742919922
2021-12-31,4766.18017578125,4382.6249963378905
2022-01-31,4515.5498046875,4436.667990722656
2022-02-28,4373.93994140625,4462.025483398437
2022-03-31,4530.41015625,4484.020588378906
2022-04-30,4131.93017578125,4492.745344238281
2022-05-31,4132.14990234375,4454.9610913085935
2022-06-30,3785.3798828125,4393.537846679687
2022-07-31,4130.2900390625,4346.051247558594
2022-08-31,3955.0,4297.0190075683595
2022-09-30,3585.6201171875,4213.035708007813
2022-10-31,3871.97998046875,4109.337208251953
2022-11-30,4080.110107421875,4050.3001123046874
2022-12-31,3839.5,4008.3759155273438
2023-01-31,4076.60009765625,3954.007315673828
2023-02-28,3970.14990234375,3940.2033642578126
2023-03-31,4109.31005859375,3935.5521130371094
2023-04-30,4169.47998046875,3964.7493615722656
2023-05-31,4179.830078125,3975.4379638671876
2023-06-30,4450.3798828125,4002.099855957031
2023-07-31,4588.9599609375,4078.8915551757814
2023-08-31,4507.66015625,4157.247650146484
2023-09-30,4288.0498046875,4199.462198486328
2023-10-31,4193.7998046875,4242.1325012207035
2023-11-30,4567.7998046875,4283.722149658203
2023-12-31,4769.830078125,4353.7657470703125
2024-01-31,4845.64990234375,4434.0415551757815
2024-02-29,5096.27001953125,4522.6436450195315
2024-03-31,5254.35009765625,4618.4469921875
2024-04-30,5035.68994140625,4695.6116015625
2024-05-31,5277.509765625,4773.845505371094
2024-06-30,5460.47998046875,4866.08740234375
2024-07-31,5522.2998046875,4997.195053710938
2024-08-31,5648.39990234375,5127.931960449218
2024-09-30,5762.47998046875,5234.142504882812
2024-10-31,5705.4501953125,5354.407697753906
2024-11-30,6032.3798828125,5455.173994140625
2024-12-31,5881.6298828125,5551.6156005859375
2025-01-31,6040.52978515625,5629.953549804687
2025-02-28,5954.5,5720.087893066407
2025-03-31,5611.85009765625,5760.223447265625
2025-04-30,5569.06005859375,5746.046599121094
2025-05-31,5911.68994140625,5785.2375390625
2025-06-30,6204.9501953125,5833.126889648437
2025-07-31,6339.39013671875,5898.810346679687
2025-08-31,6460.259765625,5959.4659423828125
2025-09-30,6688.4599609375,6021.222590332031
2025-10-31,6840.2001953125,6111.516240234375
2025-11-30,6849.08984375,6177.345637207031
2025-12-31,6845.5,6286.451240234375
2026-01-31,6939.02978515625,6428.979135742187
2026-02-28,6878.8798828125,6559.926281738281
2026-03-31,6528.52001953125,6638.858090820312
2026-04-30,7209.009765625,6723.6132421875
2026-05-31,7445.72021484375,6802.015043945313
