,earnings_yield_pct,GS10_pct,ERP_trailing_pct
2010-01-31,4.8318766798981825,3.73,1.1018766798981825
2010-02-28,5.289397333725073,3.69,1.5993973337250726
2010-03-31,5.288832949958769,3.73,1.5588329499587688
2010-04-30,5.2606376462989575,3.85,1.4106376462989574
2010-05-31,5.78132129249403,3.42,2.36132129249403
2010-06-30,6.193693693693694,3.2,2.993693693693694
2010-07-31,6.361054516268445,3.01,3.3510545162684453
2010-08-31,6.463223211438942,2.7,3.763223211438942
2010-09-30,6.404177955226009,2.65,3.7541779552260093
2010-10-31,6.289308176100628,2.54,3.7493081761006284
2010-11-30,6.29916005638549,2.76,3.53916005638549
2010-12-31,6.230215943231336,3.29,2.940215943231336
2011-01-31,7.204155000745515,2.15,5.054155000745515
2011-02-28,6.054711154172219,3.58,2.474711154172219
2011-03-31,6.23308726015531,3.41,2.82308726015531
2011-04-30,6.170688416409441,3.46,2.7106884164094414
2011-05-31,6.203096940668954,3.17,3.033096940668954
2011-06-30,6.515237436785807,3.0,3.5152374367858066
2011-07-31,6.407131555978136,3.0,3.407131555978136
2011-08-31,7.250705160112826,2.3,4.950705160112826
2011-09-30,7.4096159743755745,1.98,5.429615974375574
2011-10-31,7.204610951008645,2.15,5.0546109510086445
2011-11-30,7.090556253159603,2.01,5.080556253159603
2011-12-31,6.9933725830840014,1.98,5.013372583084001
2012-01-31,6.016283911291631,1.75,4.266283911291631
2012-02-29,6.507256985264217,1.97,4.537256985264217
2012-03-31,6.373268837637846,2.17,4.203268837637846
2012-04-30,6.371279713604967,2.05,4.321279713604967
2012-05-31,6.570389754983461,1.8,4.770389754983461
2012-06-30,6.643092453229365,1.62,5.023092453229365
2012-07-31,6.430942260267593,1.53,4.900942260267593
2012-08-31,6.197109503960478,1.68,4.517109503960478
2012-09-30,5.992711754028627,1.72,4.272711754028627
2012-10-31,6.016847172081829,1.75,4.266847172081829
2012-11-30,6.203373705937332,1.65,4.553373705937332
2012-12-31,6.082444508503892,1.72,4.362444508503892
2013-01-31,5.599514737146057,2.62,2.979514737146057
2013-02-28,5.772846396131305,1.98,3.792846396131305
2013-03-31,5.655036335381699,1.96,3.6950363353816993
2013-04-30,5.652469175102396,1.76,3.892469175102396
2013-05-31,5.4802094513285855,1.93,3.550209451328586
2013-06-30,5.618463401224386,2.3,3.3184634012243865
2013-07-31,5.518733370088932,2.58,2.938733370088932
2013-08-31,5.58233388619775,2.74,2.84233388619775
2013-09-30,5.593390114807637,2.81,2.7833901148076365
2013-10-31,5.599104143337066,2.62,2.979104143337066
2013-11-30,5.509081190590997,2.72,2.789081190590997
2013-12-31,5.542709843011871,2.9,2.6427098430118714
2014-01-31,5.406749360354176,2.3,3.1067493603541765
2014-02-28,5.538311392888066,2.71,2.8283113928880663
2014-03-31,5.4118013222289,2.72,2.6918013222289
2014-04-30,5.450241203837805,2.71,2.7402412038378055
2014-05-31,5.416708558889884,2.56,2.8567085588898835
2014-06-30,5.296108551736181,2.6,2.6961085517361805
2014-07-31,5.274272295710642,2.54,2.7342722957106416
2014-08-31,5.353644009183308,2.42,2.9336440091833085
2014-09-30,5.315994641862704,2.53,2.7859946418627044
2014-10-31,5.405405405405405,2.3,3.1054054054054054
2014-11-30,5.063493383286787,2.33,2.7334933832867874
2014-12-31,4.980357986048571,2.21,2.7703579860485714
2015-01-31,4.409467225731468,2.07,2.3394672257314686
2015-02-28,4.815579675343387,1.98,2.835579675343387
2015-03-31,4.771657556045943,2.04,2.731657556045943
2015-04-30,4.668728856980101,1.94,2.728728856980101
2015-05-31,4.5624717873929495,2.2,2.3624717873929493
2015-06-30,4.521052355796483,2.36,2.161052355796483
2015-07-31,4.464521633383315,2.32,2.1445216333833153
2015-08-31,4.513849738790544,2.17,2.343849738790544
2015-09-30,4.662596880287594,2.17,2.4925968802875937
2015-10-31,4.409171075837743,2.07,2.339171075837743
2015-11-30,4.225022669524789,2.26,1.9650226695247897
2015-12-31,4.212591525159683,2.24,1.9725915251596824
2016-01-31,4.242144263702625,1.76,2.482144263702625
2016-02-29,4.540490017958223,1.78,2.7604900179582224
2016-03-31,4.27508098617671,1.89,2.3850809861767104
2016-04-30,4.172408144386521,1.81,2.3624081443865212
2016-05-31,4.20033405146329,1.81,2.3903340514632903
2016-06-30,4.1710454966432975,1.64,2.531045496643298
2016-07-31,4.078520793584314,1.5,2.578520793584314
2016-08-31,4.070414641823473,1.56,2.510414641823473
2016-09-30,4.128952722587582,1.63,2.498952722587582
2016-10-31,4.2426813746287655,1.76,2.4826813746287657
2016-11-30,4.283160661250168,2.14,2.143160661250168
2016-12-31,4.208525658430627,2.49,1.718525658430627
2017-01-31,4.239922875862959,2.43,1.8099228758629589
2017-02-28,4.222337629636624,2.42,1.8023376296366242
2017-03-31,4.237331102491951,2.48,1.7573311024919511
2017-04-30,4.303518118998069,2.3,2.003518118998069
2017-05-31,4.290674292552932,2.3,1.9906742925529324
2017-06-30,4.273641222848081,2.19,2.083641222848081
2017-07-31,4.280184181573692,2.32,1.9601841815736925
2017-08-31,4.318017115730676,2.21,2.108017115730676
2017-09-30,4.295502318640586,2.2,2.0955023186405857
2017-10-31,4.224757076468102,2.36,1.8647570764681025
2017-11-30,4.200580143763583,2.35,1.8505801437635827
2017-12-31,4.124098275745587,2.4,1.7240982757455874
2018-01-31,4.00506607403159,2.58,1.42506607403159
2018-02-28,4.19888903675445,2.86,1.3388890367544497
2018-03-31,4.271173647776171,2.84,1.4311736477761707
2018-04-30,4.4386996931247635,2.87,1.5686996931247634
2018-05-31,4.446928670227664,2.976,1.4709286702276643
2018-06-30,4.4467841777551875,2.91,1.5367841777551874
2018-07-31,4.478625258324862,2.89,1.588625258324862
2018-08-31,4.470307203859352,2.89,1.5803072038593515
2018-09-30,4.493882474582112,3.0,1.4938824745821124
2018-10-31,4.705882352941177,3.15,1.5558823529411767
2018-11-30,4.837025639895761,3.12,1.7170256398957608
2018-12-31,5.1567594096544624,2.83,2.3267594096544624
2019-01-31,4.5367534456355285,1.71,2.8267534456355285
2019-02-28,4.854088169029762,2.68,2.1740881690297615
2019-03-31,4.792830191370837,2.57,2.222830191370837
2019-04-30,4.638175264595817,2.53,2.108175264595817
2019-05-31,4.728209403640533,2.4,2.328209403640533
2019-06-30,4.680347522810077,2.06,2.620347522810077
2019-07-31,4.488481290156187,1.63,2.8584812901561873
2019-08-31,4.613980462141634,1.63,2.983980462141634
2019-09-30,4.456507305452834,1.7,2.7565073054528337
2019-10-31,4.537205081669692,1.71,2.8272050816696916
2019-11-30,4.421392026711289,1.81,2.611392026711289
2019-12-31,4.390336693361618,1.86,2.530336693361618
2020-01-31,2.833142072510344,0.79,2.043142072510344
2020-02-29,3.7849081706881176,1.5,2.2849081706881176
2020-03-31,4.3858497624615564,0.87,3.5158497624615563
2020-04-30,4.0054667570551645,0.66,3.3454667570551644
2020-05-31,3.593967012773945,0.67,2.923967012773945
2020-06-30,3.1961622510670913,0.73,2.4661622510670913
2020-07-31,3.083075967891979,0.62,2.463075967891979
2020-08-31,2.9058105400127565,0.65,2.2558105400127566
2020-09-30,2.918422629512061,0.68,2.238422629512061
2020-10-31,2.8328611898017,0.79,2.0428611898017
2020-11-30,2.69071668461777,0.87,1.82071668461777
2020-12-31,2.5472829072527072,0.93,1.617282907252707
2021-01-31,4.100470937503503,1.58,2.520470937503503
2021-02-28,3.008764674293579,1.26,1.748764674293579
2021-03-31,3.278346226316183,1.61,1.668346226316183
2021-04-30,3.341723710884991,1.64,1.701723710884991
2021-05-31,3.5647480393265947,1.62,1.9447480393265946
2021-06-30,3.745673978841304,1.52,2.225673978841304
2021-07-31,3.765524269033895,1.32,2.4455242690338945
2021-08-31,3.8137733069612585,1.28,2.5337733069612582
2021-09-30,3.9461993022225257,1.37,2.5761993022225256
2021-10-31,4.100041000410004,1.58,2.5200410004100036
2021-11-30,4.079156358733223,1.56,2.519156358733223
2021-12-31,4.2327191404540825,1.47,2.7627191404540827
2022-01-31,4.326438907151663,1.76,2.566438907151663
2022-02-28,4.461170771437665,1.93,2.5311707714376652
2022-03-31,4.506901546647444,2.13,2.376901546647444
2022-04-30,4.463982083345479,2.75,1.7139820833454786
2022-05-31,4.805099875588644,2.9,1.9050998755886437
2022-06-30,4.931075401561446,3.14,1.791075401561446
2022-07-31,4.872098986735493,2.9,1.9720989867354928
2022-08-31,4.542594754284723,2.9,1.642594754284723
2022-09-30,4.862459533918297,3.52,1.3424595339182974
2022-10-31,4.892367906066536,3.98,0.9123679060665357
2022-11-30,4.5329211158849825,3.89,0.6429211158849824
2022-12-31,4.41546981499513,3.62,0.7954698149951298
2023-01-31,4.382017644465423,3.53,0.8520176444654228
2023-02-28,4.273941360191961,3.75,0.5239413601919614
2023-03-31,4.4139445638248285,3.66,0.7539445638248283
2023-04-30,4.298711700533841,3.46,0.8387117005338407
2023-05-31,4.321334207304632,3.57,0.7513342073046325
2023-06-30,4.169262476571959,3.75,0.4192624765719586
2023-07-31,4.038772213247173,3.9,0.1387722132471727
2023-08-31,4.139072847682119,4.17,-0.030927152317881124
2023-09-30,4.178854993731718,4.09,0.08885499373171779
2023-10-31,4.389815627743634,4.8,-0.4101843722563654
2023-11-30,4.253509145044662,4.5,-0.24649085495533818
2023-12-31,4.1067761806981515,4.02,0.08677618069815196
2024-01-31,3.9984006397441023,4.06,-0.061599360255897295
2024-02-29,3.8255547054322876,4.21,-0.38444529456771237
2024-03-31,3.7009622501850483,4.21,-0.5090377498149516
2024-04-30,3.7864445285876562,4.54,-0.7535554714123438
2024-05-31,3.7133308577794284,4.48,-0.766669142220572
2024-06-30,3.61794500723589,4.31,-0.6920549927641098
2024-07-31,3.5612535612535616,4.25,-0.6887464387464384
2024-08-31,3.614022406938923,3.87,-0.25597759306107726
2024-09-30,3.5599857600569598,3.72,-0.16001423994304043
2024-10-31,3.51493848857645,4.1,-0.5850615114235498
2024-11-30,3.4891835310537336,4.36,-0.8708164689462667
2024-12-31,3.4965034965034962,4.39,-0.8934965034965034
2025-01-31,3.5511363636363638,4.63,-1.0788636363636361
2025-02-28,3.552397868561279,4.45,-0.8976021314387213
2025-03-31,3.8124285169653067,4.28,-0.46757148303469354
2025-04-30,4.071661237785016,4.28,-0.20833876221498393
2025-05-31,3.7965072133637054,4.42,-0.6234927866362945
2025-06-30,3.6900369003690034,4.38,-0.6899630996309964
2025-07-31,3.5958288385472854,4.39,-0.7941711614527143
2025-08-31,3.5919540229885056,4.26,-0.6680459770114942
2025-09-30,3.5549235691432637,4.12,-0.5650764308567364
